,0,1,2,3,4
0,0,0,0,0,1
1,0,0,0,1,0
2,0,1,0,0,0
3,1,0,0,0,0
4,1,0,0,0,0
5,0,0,0,0,1
6,0,1,0,0,0
7,1,0,0,0,0
8,0,0,1,0,0
9,0,0,0,1,0
10,0,0,1,0,0
11,0,0,1,0,0
12,1,0,0,0,0
13,0,1,0,0,0
14,0,1,0,0,0
15,0,1,0,0,0
16,0,0,0,0,1
17,0,1,0,0,0
18,0,1,0,0,0
19,0,0,1,0,0
20,0,1,0,0,0
21,0,0,1,0,0
22,0,1,0,0,0
23,0,1,0,0,0
24,0,1,0,0,0
25,1,0,0,0,0
26,0,1,0,0,0
27,0,0,0,0,1
28,1,0,0,0,0
29,0,1,0,0,0
30,1,0,0,0,0
31,0,0,1,0,0
32,0,0,0,0,1
33,0,0,0,0,1
34,0,0,0,1,0
35,1,0,0,0,0
36,0,0,0,1,0
37,0,0,0,1,0
38,0,0,0,1,0
39,0,0,0,1,0
40,1,0,0,0,0
41,0,0,0,0,1
42,0,0,1,0,0
43,0,0,0,1,0
44,0,0,1,0,0
45,1,0,0,0,0
46,0,1,0,0,0
47,0,0,1,0,0
48,1,0,0,0,0
49,0,0,0,1,0
50,1,0,0,0,0
51,0,1,0,0,0
52,0,1,0,0,0
53,0,0,1,0,0
54,0,0,0,0,1
55,0,0,0,0,1
56,1,0,0,0,0
57,1,0,0,0,0
58,1,0,0,0,0
59,0,0,0,1,0
60,0,0,0,1,0
61,0,0,0,1,0
62,0,0,0,0,1
63,0,0,0,0,1
64,0,0,0,0,1
65,1,0,0,0,0
66,1,0,0,0,0
67,0,0,0,0,1
68,0,0,1,0,0
69,0,0,1,0,0
70,1,0,0,0,0
71,1,0,0,0,0
72,0,0,0,0,1
73,0,1,0,0,0
74,0,0,1,0,0
75,0,1,0,0,0
76,0,1,0,0,0
77,0,0,0,0,1
78,0,0,0,0,1
79,0,0,1,0,0
80,0,0,1,0,0
81,0,0,0,0,1
82,0,0,1,0,0
83,1,0,0,0,0
84,0,0,0,0,1
85,0,0,1,0,0
86,0,0,1,0,0
87,0,0,1,0,0
88,1,0,0,0,0
89,0,1,0,0,0
90,0,0,1,0,0
91,1,0,0,0,0
92,0,0,0,0,1
93,1,0,0,0,0
94,1,0,0,0,0
95,0,0,0,0,1
96,1,0,0,0,0
97,0,0,0,1,0
98,1,0,0,0,0
99,0,1,0,0,0
100,0,0,0,0,1
101,0,0,0,0,1
102,1,0,0,0,0
103,0,0,0,1,0
104,1,0,0,0,0
105,0,0,0,1,0
106,0,1,0,0,0
107,0,0,1,0,0
108,0,1,0,0,0
109,0,0,0,1,0
110,0,1,0,0,0
111,0,0,1,0,0
112,1,0,0,0,0
113,1,0,0,0,0
114,0,0,1,0,0
115,0,0,0,1,0
116,0,0,0,1,0
117,0,1,0,0,0
118,0,0,1,0,0
119,0,1,0,0,0
120,0,0,0,0,1
121,0,0,0,1,0
122,0,1,0,0,0
123,0,0,0,0,1
124,0,0,0,0,1
125,0,0,0,1,0
126,0,0,1,0,0
127,0,0,0,1,0
128,0,0,0,0,1
129,0,0,1,0,0
130,0,1,0,0,0
131,1,0,0,0,0
132,0,0,1,0,0
133,0,0,1,0,0
134,0,1,0,0,0
135,1,0,0,0,0
136,0,0,1,0,0
137,0,0,0,1,0
138,0,0,0,0,1
139,0,0,0,0,1
140,0,0,0,1,0
141,0,0,1,0,0
142,0,0,1,0,0
143,0,0,0,1,0
144,0,0,1,0,0
145,0,0,0,1,0
146,0,0,1,0,0
147,0,1,0,0,0
148,0,0,0,0,1
149,0,0,0,0,1
150,0,0,1,0,0
151,0,1,0,0,0
152,0,0,0,0,1
153,0,0,0,0,1
154,0,0,0,1,0
155,0,0,0,1,0
156,0,0,0,0,1
157,0,0,1,0,0
158,0,0,0,0,1
159,0,0,1,0,0
160,0,0,0,1,0
161,0,0,0,1,0
162,0,0,0,1,0
163,0,0,0,1,0
164,1,0,0,0,0
165,0,0,0,0,1
166,1,0,0,0,0
167,0,0,1,0,0
168,1,0,0,0,0
169,0,0,0,0,1
170,0,1,0,0,0
171,1,0,0,0,0
172,0,1,0,0,0
173,0,1,0,0,0
174,1,0,0,0,0
175,1,0,0,0,0
176,1,0,0,0,0
177,0,0,1,0,0
178,0,0,0,0,1
179,0,0,0,0,1
180,0,0,0,0,1
181,0,0,0,1,0
182,1,0,0,0,0
183,0,0,1,0,0
184,0,0,0,1,0
185,0,0,0,1,0
186,0,0,0,0,1
187,0,0,1,0,0
188,0,0,1,0,0
189,0,0,1,0,0
190,0,0,1,0,0
191,1,0,0,0,0
192,0,0,1,0,0
193,0,0,1,0,0
194,0,0,0,0,1
195,0,1,0,0,0
196,0,1,0,0,0
197,1,0,0,0,0
198,0,0,0,0,1
199,0,0,0,0,1
200,0,0,1,0,0
201,0,1,0,0,0
202,0,0,1,0,0
203,0,0,0,1,0
204,0,0,0,0,1
205,0,0,0,1,0
206,0,1,0,0,0
207,1,0,0,0,0
208,1,0,0,0,0
209,0,0,0,0,1
210,0,0,0,1,0
211,0,0,0,1,0
212,0,0,0,1,0
213,1,0,0,0,0
214,0,0,1,0,0
215,0,0,0,0,1
216,0,0,0,1,0
217,1,0,0,0,0
218,0,0,0,1,0
219,1,0,0,0,0
220,0,0,0,0,1
221,1,0,0,0,0
222,1,0,0,0,0
223,0,0,0,1,0
224,1,0,0,0,0
225,0,0,0,0,1
226,0,0,1,0,0
227,0,1,0,0,0
228,1,0,0,0,0
229,0,0,1,0,0
230,0,0,0,1,0
231,0,0,1,0,0
232,0,0,1,0,0
233,1,0,0,0,0
234,0,1,0,0,0
235,1,0,0,0,0
236,0,0,0,0,1
237,1,0,0,0,0
238,0,0,0,1,0
239,0,0,0,1,0
240,0,0,0,0,1
241,0,1,0,0,0
242,0,0,1,0,0
243,0,0,1,0,0
244,0,0,0,1,0
245,0,0,0,1,0
246,0,1,0,0,0
247,1,0,0,0,0
248,0,1,0,0,0
249,0,0,0,1,0
250,0,0,0,1,0
251,0,1,0,0,0
252,0,1,0,0,0
253,1,0,0,0,0
254,0,0,1,0,0
255,1,0,0,0,0
256,0,0,0,1,0
257,0,1,0,0,0
258,1,0,0,0,0
259,1,0,0,0,0
260,0,0,1,0,0
261,0,0,0,1,0
262,1,0,0,0,0
263,0,0,0,0,1
264,0,1,0,0,0
265,0,0,1,0,0
266,0,0,0,0,1
267,0,1,0,0,0
268,0,1,0,0,0
269,0,0,0,1,0
270,1,0,0,0,0
271,0,0,0,0,1
272,0,1,0,0,0
273,0,0,1,0,0
274,0,1,0,0,0
275,0,0,1,0,0
276,0,0,0,0,1
277,1,0,0,0,0
278,0,1,0,0,0
279,0,0,0,1,0
280,0,0,0,1,0
281,1,0,0,0,0
282,0,0,0,0,1
283,1,0,0,0,0
284,1,0,0,0,0
285,0,0,0,0,1
286,0,0,0,0,1
287,0,0,1,0,0
288,1,0,0,0,0
289,1,0,0,0,0
290,0,0,1,0,0
291,0,0,1,0,0
292,0,0,0,1,0
293,1,0,0,0,0
294,0,0,0,0,1
295,0,0,1,0,0
296,0,1,0,0,0
297,1,0,0,0,0
298,1,0,0,0,0
299,0,0,0,0,1
300,0,0,1,0,0
301,0,0,1,0,0
302,1,0,0,0,0
303,0,1,0,0,0
304,0,1,0,0,0
305,0,0,0,1,0
306,0,0,1,0,0
307,1,0,0,0,0
308,0,1,0,0,0
309,0,1,0,0,0
310,1,0,0,0,0
311,0,0,0,1,0
312,1,0,0,0,0
313,0,0,0,0,1
314,0,0,1,0,0
315,0,1,0,0,0
316,0,0,0,1,0
317,0,1,0,0,0
318,1,0,0,0,0
319,1,0,0,0,0
320,0,0,0,1,0
321,0,0,1,0,0
322,0,1,0,0,0
323,0,0,0,1,0
324,0,0,1,0,0
325,0,0,0,0,1
326,0,1,0,0,0
327,0,0,1,0,0
328,0,0,1,0,0
329,0,0,1,0,0
330,0,0,1,0,0
331,0,0,0,1,0
332,1,0,0,0,0
333,1,0,0,0,0
334,0,0,0,1,0
335,1,0,0,0,0
336,1,0,0,0,0
337,0,0,0,0,1
338,0,0,0,1,0
339,0,0,0,1,0
340,1,0,0,0,0
341,0,0,0,0,1
342,0,0,0,1,0
343,1,0,0,0,0
344,0,1,0,0,0
345,0,0,0,1,0
346,1,0,0,0,0
347,0,1,0,0,0
348,0,0,0,0,1
349,1,0,0,0,0
350,0,0,1,0,0
351,1,0,0,0,0
352,0,0,0,1,0
353,0,0,0,0,1
354,1,0,0,0,0
355,0,0,0,0,1
356,0,0,0,1,0
357,1,0,0,0,0
358,0,0,0,0,1
359,0,1,0,0,0
360,0,1,0,0,0
361,1,0,0,0,0
362,1,0,0,0,0
363,0,0,0,0,1
364,0,0,0,0,1
365,0,1,0,0,0
366,0,0,0,1,0
367,0,0,0,0,1
368,0,0,0,0,1
369,0,1,0,0,0
370,0,0,1,0,0
371,0,0,0,0,1
372,0,0,0,0,1
373,1,0,0,0,0
374,0,0,0,1,0
375,0,0,0,0,1
376,0,0,1,0,0
377,0,0,1,0,0
378,0,0,1,0,0
379,1,0,0,0,0
380,0,1,0,0,0
381,0,0,0,1,0
382,0,0,0,1,0
383,1,0,0,0,0
384,1,0,0,0,0
385,0,0,0,1,0
386,0,1,0,0,0
387,0,0,0,1,0
388,0,0,0,0,1
389,0,1,0,0,0
390,0,0,0,1,0
391,0,1,0,0,0
392,0,0,0,1,0
393,1,0,0,0,0
394,0,1,0,0,0
395,0,0,0,1,0
396,0,0,1,0,0
397,0,0,0,1,0
398,1,0,0,0,0
399,0,0,0,1,0
400,0,0,0,1,0
401,1,0,0,0,0
402,0,0,0,1,0
403,1,0,0,0,0
404,0,0,0,1,0
405,0,0,1,0,0
406,0,1,0,0,0
407,0,0,1,0,0
408,1,0,0,0,0
409,1,0,0,0,0
410,0,1,0,0,0
411,0,0,0,0,1
412,1,0,0,0,0
413,0,1,0,0,0
414,0,0,0,0,1
415,0,1,0,0,0
416,0,0,1,0,0
417,0,0,1,0,0
418,1,0,0,0,0
419,0,0,0,0,1
420,0,0,1,0,0
421,0,0,0,1,0
422,0,0,1,0,0
423,0,0,0,0,1
424,0,0,0,1,0
425,1,0,0,0,0
426,0,0,0,0,1
427,0,0,0,0,1
428,0,0,1,0,0
429,0,0,0,0,1
430,0,1,0,0,0
431,0,0,0,0,1
432,1,0,0,0,0
433,1,0,0,0,0
434,0,1,0,0,0
435,0,0,1,0,0
436,1,0,0,0,0
437,0,0,0,0,1
438,0,0,1,0,0
439,0,0,1,0,0
440,0,0,1,0,0
441,0,0,0,0,1
442,1,0,0,0,0
443,1,0,0,0,0
444,1,0,0,0,0
445,0,0,0,1,0
446,0,0,0,0,1
447,0,0,1,0,0
448,0,0,0,0,1
449,0,0,0,0,1
450,0,0,1,0,0
451,0,1,0,0,0
452,1,0,0,0,0
453,0,0,1,0,0
454,0,0,0,0,1
455,0,0,0,0,1
456,1,0,0,0,0
457,0,1,0,0,0
458,0,0,0,1,0
459,1,0,0,0,0
460,0,1,0,0,0
461,1,0,0,0,0
462,1,0,0,0,0
463,0,1,0,0,0
464,1,0,0,0,0
465,1,0,0,0,0
466,0,0,0,1,0
467,0,0,0,1,0
468,0,1,0,0,0
469,0,0,0,0,1
470,0,0,1,0,0
471,0,0,1,0,0
472,0,0,1,0,0
473,1,0,0,0,0
474,0,0,1,0,0
475,1,0,0,0,0
476,0,0,1,0,0
477,1,0,0,0,0
478,0,0,1,0,0
479,0,0,1,0,0
480,0,1,0,0,0
481,0,0,0,1,0
482,0,1,0,0,0
483,1,0,0,0,0
484,0,0,0,0,1
485,0,0,0,1,0
486,0,0,1,0,0
487,1,0,0,0,0
488,0,0,1,0,0
489,0,1,0,0,0
490,1,0,0,0,0
491,0,0,1,0,0
492,0,0,1,0,0
493,0,0,0,0,1
494,0,0,0,0,1
495,0,0,1,0,0
496,0,0,0,1,0
497,0,1,0,0,0
498,1,0,0,0,0
499,0,0,1,0,0
500,0,0,0,1,0
501,0,0,0,0,1
502,0,0,0,0,1
503,0,0,0,1,0
504,1,0,0,0,0
505,0,0,0,1,0
506,0,1,0,0,0
507,0,0,1,0,0
508,1,0,0,0,0
509,1,0,0,0,0
510,0,0,0,1,0
511,0,1,0,0,0
512,0,1,0,0,0
513,1,0,0,0,0
514,1,0,0,0,0
515,0,0,0,1,0
516,0,1,0,0,0
517,0,0,0,0,1
518,0,1,0,0,0
519,0,1,0,0,0
520,0,0,0,1,0
521,0,0,0,1,0
522,0,0,0,1,0
523,0,0,1,0,0
524,0,0,0,0,1
525,0,0,1,0,0
526,0,0,0,1,0
527,0,0,0,0,1
528,0,0,0,0,1
529,0,1,0,0,0
530,0,0,0,0,1
531,0,0,0,1,0
532,0,0,0,1,0
533,0,0,1,0,0
534,0,1,0,0,0
535,0,0,1,0,0
536,0,0,0,0,1
537,0,0,0,1,0
538,0,0,0,1,0
539,0,0,0,1,0
540,0,1,0,0,0
541,0,0,0,1,0
542,0,0,0,0,1
543,0,0,0,1,0
544,0,0,0,1,0
545,0,0,1,0,0
546,0,0,0,0,1
547,0,0,0,0,1
548,0,0,0,1,0
549,0,1,0,0,0
550,0,0,1,0,0
551,0,0,0,1,0
552,0,0,0,1,0
553,0,0,0,1,0
554,0,0,0,1,0
555,0,0,1,0,0
556,0,0,0,0,1
557,1,0,0,0,0
558,0,0,0,0,1
559,0,0,0,0,1
560,0,1,0,0,0
561,0,0,1,0,0
562,1,0,0,0,0
563,0,0,0,1,0
564,1,0,0,0,0
565,0,0,0,0,1
566,0,0,0,0,1
567,0,0,0,1,0
568,1,0,0,0,0
569,0,0,1,0,0
570,0,0,0,0,1
571,1,0,0,0,0
572,0,0,1,0,0
573,1,0,0,0,0
574,1,0,0,0,0
575,1,0,0,0,0
576,0,0,0,0,1
577,0,0,1,0,0
578,0,0,0,0,1
579,0,0,0,1,0
580,0,0,0,1,0
581,0,0,1,0,0
582,1,0,0,0,0
583,0,0,0,0,1
584,0,0,0,1,0
585,1,0,0,0,0
586,0,0,0,1,0
587,0,1,0,0,0
588,0,0,0,1,0
589,1,0,0,0,0
590,0,1,0,0,0
591,0,0,1,0,0
592,0,0,0,1,0
593,0,1,0,0,0
594,1,0,0,0,0
595,1,0,0,0,0
596,1,0,0,0,0
597,0,0,0,1,0
598,0,0,0,1,0
599,0,0,0,1,0
600,0,0,0,0,1
601,0,0,1,0,0
602,1,0,0,0,0
603,1,0,0,0,0
604,1,0,0,0,0
605,0,0,0,1,0
606,0,0,0,1,0
607,0,0,1,0,0
608,1,0,0,0,0
609,0,0,1,0,0
610,0,0,0,1,0
611,0,0,0,1,0
612,0,0,1,0,0
613,0,0,0,0,1
614,0,0,0,1,0
615,0,1,0,0,0
616,0,0,1,0,0
617,1,0,0,0,0
618,0,1,0,0,0
619,1,0,0,0,0
620,0,0,0,0,1
621,0,0,0,1,0
622,1,0,0,0,0
623,0,0,0,0,1
624,0,0,0,0,1
625,0,0,0,0,1
626,0,1,0,0,0
627,1,0,0,0,0
628,0,0,0,0,1
629,0,0,0,1,0
630,1,0,0,0,0
631,0,1,0,0,0
632,0,0,0,1,0
633,0,0,0,0,1
634,0,0,1,0,0
635,0,0,0,1,0
636,0,1,0,0,0
637,1,0,0,0,0
638,0,0,0,1,0
639,1,0,0,0,0
640,0,0,1,0,0
641,1,0,0,0,0
642,0,0,1,0,0
643,0,1,0,0,0
644,0,0,1,0,0
645,0,0,0,1,0
646,1,0,0,0,0
647,1,0,0,0,0
648,1,0,0,0,0
649,0,0,0,1,0
650,0,0,0,0,1
651,0,0,1,0,0
652,0,1,0,0,0
653,0,0,0,0,1
654,1,0,0,0,0
655,0,0,0,0,1
656,0,0,0,1,0
657,0,0,0,0,1
658,0,0,0,0,1
659,0,1,0,0,0
660,1,0,0,0,0
661,0,1,0,0,0
662,0,0,1,0,0
663,0,0,0,0,1
664,0,0,0,1,0
665,0,0,0,0,1
666,0,0,1,0,0
667,1,0,0,0,0
668,0,0,1,0,0
669,1,0,0,0,0
670,0,0,0,1,0
671,0,0,1,0,0
672,0,0,0,0,1
673,1,0,0,0,0
674,0,0,0,1,0
675,1,0,0,0,0
676,0,0,0,1,0
677,0,0,0,0,1
678,0,0,1,0,0
679,0,1,0,0,0
680,0,0,1,0,0
681,0,0,0,1,0
682,0,0,0,0,1
683,0,0,0,0,1
684,1,0,0,0,0
685,1,0,0,0,0
686,0,0,1,0,0
687,0,0,0,0,1
688,1,0,0,0,0
689,0,0,0,0,1
690,0,0,1,0,0
691,1,0,0,0,0
692,1,0,0,0,0
693,0,0,0,1,0
694,1,0,0,0,0
695,0,0,1,0,0
696,0,1,0,0,0
697,1,0,0,0,0
698,0,0,0,0,1
699,0,0,0,1,0
700,0,0,0,1,0
701,0,0,0,1,0
702,1,0,0,0,0
703,0,0,0,1,0
704,0,1,0,0,0
705,0,0,1,0,0
706,0,1,0,0,0
707,0,0,0,1,0
708,0,0,0,1,0
709,0,0,0,1,0
710,0,0,1,0,0
711,0,0,0,1,0
712,0,0,0,0,1
713,0,0,0,0,1
714,0,0,1,0,0
715,0,0,0,1,0
716,0,0,0,1,0
717,0,0,0,0,1
718,0,0,0,0,1
719,0,0,1,0,0
720,0,1,0,0,0
721,0,0,0,1,0
722,1,0,0,0,0
723,1,0,0,0,0
724,0,0,0,1,0
725,0,0,0,0,1
726,1,0,0,0,0
727,0,0,1,0,0
728,0,0,1,0,0
729,0,0,0,0,1
730,0,0,0,1,0
731,1,0,0,0,0
732,1,0,0,0,0
733,0,0,1,0,0
734,1,0,0,0,0
735,0,0,1,0,0
736,0,0,0,0,1
737,0,1,0,0,0
738,0,0,0,0,1
739,0,0,0,1,0
740,1,0,0,0,0
741,1,0,0,0,0
742,0,1,0,0,0
743,0,1,0,0,0
744,0,0,1,0,0
745,0,0,0,1,0
746,1,0,0,0,0
747,1,0,0,0,0
748,0,1,0,0,0
749,1,0,0,0,0
750,0,0,0,0,1
751,0,0,0,0,1
752,1,0,0,0,0
753,0,0,0,1,0
754,0,0,0,0,1
755,0,1,0,0,0
756,1,0,0,0,0
757,0,1,0,0,0
758,0,0,0,0,1
759,0,0,0,1,0
760,1,0,0,0,0
761,0,0,0,1,0
762,1,0,0,0,0
763,0,1,0,0,0
764,0,0,0,1,0
765,0,0,1,0,0
766,0,0,0,1,0
767,0,0,0,1,0
768,0,1,0,0,0
769,0,0,0,1,0
770,0,0,0,0,1
771,0,0,1,0,0
772,0,0,1,0,0
773,1,0,0,0,0
774,0,0,1,0,0
775,0,0,0,0,1
776,0,1,0,0,0
777,0,1,0,0,0
778,0,0,0,0,1
779,0,0,0,0,1
780,0,0,0,0,1
781,0,0,1,0,0
782,0,0,0,1,0
783,1,0,0,0,0
784,1,0,0,0,0
785,0,0,0,1,0
786,0,0,0,0,1
787,0,1,0,0,0
788,0,0,0,1,0
789,1,0,0,0,0
790,0,1,0,0,0
791,1,0,0,0,0
792,0,1,0,0,0
793,0,0,0,1,0
794,0,0,0,0,1
795,0,1,0,0,0
796,0,0,0,0,1
797,0,1,0,0,0
798,0,1,0,0,0
799,0,0,0,1,0
800,0,0,1,0,0
801,1,0,0,0,0
802,0,0,0,0,1
803,1,0,0,0,0
804,0,1,0,0,0
805,0,0,0,1,0
806,1,0,0,0,0
807,0,0,1,0,0
808,0,1,0,0,0
809,0,1,0,0,0
810,0,1,0,0,0
811,1,0,0,0,0
812,0,0,1,0,0
813,0,0,0,1,0
814,1,0,0,0,0
815,0,0,1,0,0
816,0,0,0,0,1
817,1,0,0,0,0
818,1,0,0,0,0
819,0,0,0,1,0
820,0,0,1,0,0
821,0,1,0,0,0
822,0,1,0,0,0
823,1,0,0,0,0
824,1,0,0,0,0
825,0,0,1,0,0
826,0,0,0,0,1
827,0,1,0,0,0
828,0,0,1,0,0
829,1,0,0,0,0
830,0,0,1,0,0
831,0,0,0,1,0
832,0,1,0,0,0
833,1,0,0,0,0
834,0,0,0,1,0
835,0,0,0,1,0
836,1,0,0,0,0
837,0,1,0,0,0
838,0,0,0,0,1
839,0,0,0,1,0
840,0,1,0,0,0
841,0,0,0,1,0
842,0,0,0,0,1
843,0,0,0,0,1
844,0,0,0,1,0
845,0,0,1,0,0
846,1,0,0,0,0
847,1,0,0,0,0
848,0,0,1,0,0
849,0,0,0,1,0
850,0,0,0,0,1
851,0,0,0,0,1
852,0,0,1,0,0
853,1,0,0,0,0
854,0,0,0,1,0
855,0,0,0,0,1
856,0,0,0,0,1
857,0,0,0,1,0
858,0,0,0,0,1
859,0,0,0,0,1
860,0,0,0,1,0
861,0,0,0,0,1
862,0,0,0,1,0
863,0,0,1,0,0
864,0,1,0,0,0
865,0,0,0,1,0
866,0,0,0,1,0
867,0,0,0,1,0
868,0,0,1,0,0
869,0,0,0,0,1
870,0,0,1,0,0
871,0,0,1,0,0
872,1,0,0,0,0
873,0,1,0,0,0
874,0,1,0,0,0
875,0,1,0,0,0
876,0,0,0,1,0
877,1,0,0,0,0
878,0,0,0,0,1
879,0,0,0,0,1
880,0,0,1,0,0
881,1,0,0,0,0
882,0,0,0,1,0
883,0,0,0,1,0
884,0,0,0,0,1
885,0,0,0,0,1
886,0,0,0,0,1
887,0,0,1,0,0
888,0,0,0,1,0
889,1,0,0,0,0
890,0,1,0,0,0
891,0,0,0,1,0
892,1,0,0,0,0
893,0,1,0,0,0
894,1,0,0,0,0
895,1,0,0,0,0
896,0,0,0,1,0
897,0,0,0,0,1
898,0,0,0,1,0
899,0,0,0,0,1
900,0,0,0,1,0
901,0,0,1,0,0
902,0,0,1,0,0
903,0,0,0,1,0
904,0,1,0,0,0
905,0,1,0,0,0
906,0,0,0,1,0
907,0,0,0,1,0
908,0,0,0,0,1
909,0,1,0,0,0
910,0,0,0,0,1
911,0,0,0,1,0
912,0,1,0,0,0
913,0,0,1,0,0
914,0,0,0,1,0
915,0,1,0,0,0
916,1,0,0,0,0
917,0,0,0,1,0
918,0,0,0,1,0
919,0,0,0,1,0
920,1,0,0,0,0
921,0,0,0,1,0
922,0,1,0,0,0
923,0,0,0,1,0
924,0,0,0,0,1
925,0,1,0,0,0
926,0,0,1,0,0
927,1,0,0,0,0
928,0,0,0,1,0
929,0,0,1,0,0
930,0,0,1,0,0
931,0,0,0,0,1
932,1,0,0,0,0
933,0,1,0,0,0
934,1,0,0,0,0
935,0,0,1,0,0
936,0,0,0,0,1
937,0,0,1,0,0
938,0,0,0,0,1
939,0,0,1,0,0
940,0,0,0,1,0
941,0,0,0,0,1
942,0,1,0,0,0
943,1,0,0,0,0
944,0,0,0,0,1
945,0,0,1,0,0
946,0,1,0,0,0
947,0,0,1,0,0
948,0,0,0,0,1
949,0,0,0,0,1
950,0,0,1,0,0
951,1,0,0,0,0
952,0,0,0,0,1
953,0,0,0,1,0
954,0,0,0,1,0
955,1,0,0,0,0
956,1,0,0,0,0
957,0,0,0,0,1
958,0,1,0,0,0
959,0,0,0,1,0
960,0,0,1,0,0
961,0,0,1,0,0
962,0,0,0,1,0
963,0,1,0,0,0
964,0,0,1,0,0
965,0,0,0,0,1
966,1,0,0,0,0
967,0,0,1,0,0
968,0,0,0,1,0
969,0,0,0,0,1
970,1,0,0,0,0
971,1,0,0,0,0
972,0,0,1,0,0
973,0,0,1,0,0
974,0,0,1,0,0
975,0,0,1,0,0
976,1,0,0,0,0
977,0,1,0,0,0
978,0,0,0,1,0
979,0,0,0,0,1
980,0,0,0,1,0
981,0,0,1,0,0
982,0,0,0,1,0
983,0,1,0,0,0
984,0,0,1,0,0
985,0,1,0,0,0
986,0,0,0,0,1
987,0,1,0,0,0
988,1,0,0,0,0
989,0,0,0,1,0
990,0,0,0,0,1
991,0,0,0,0,1
992,0,0,0,0,1
993,0,0,1,0,0
994,0,0,0,0,1
995,0,0,0,0,1
996,0,0,0,1,0
997,0,0,0,0,1
998,0,1,0,0,0
999,0,1,0,0,0
1000,0,0,0,1,0
1001,0,0,1,0,0
1002,0,0,0,0,1
1003,1,0,0,0,0
1004,1,0,0,0,0
1005,1,0,0,0,0
1006,1,0,0,0,0
1007,1,0,0,0,0
1008,0,0,1,0,0
1009,0,1,0,0,0
1010,1,0,0,0,0
1011,0,0,0,1,0
1012,0,0,1,0,0
1013,0,0,0,1,0
1014,0,0,0,1,0
1015,0,0,1,0,0
1016,0,0,0,1,0
1017,0,1,0,0,0
1018,1,0,0,0,0
1019,1,0,0,0,0
1020,0,0,0,0,1
1021,0,1,0,0,0
1022,1,0,0,0,0
1023,0,0,1,0,0
1024,0,0,1,0,0
1025,0,0,1,0,0
1026,1,0,0,0,0
1027,0,0,1,0,0
1028,0,0,0,1,0
1029,1,0,0,0,0
1030,0,0,0,0,1
1031,1,0,0,0,0
1032,0,0,0,0,1
1033,0,1,0,0,0
1034,1,0,0,0,0
1035,0,0,0,0,1
1036,0,0,1,0,0
1037,0,0,0,0,1
1038,1,0,0,0,0
1039,0,0,0,0,1
1040,0,0,1,0,0
1041,0,0,0,0,1
1042,0,0,0,1,0
1043,0,0,1,0,0
1044,0,0,0,1,0
1045,0,0,0,1,0
1046,0,0,0,0,1
1047,0,0,0,0,1
1048,1,0,0,0,0
1049,1,0,0,0,0
1050,0,0,0,1,0
1051,1,0,0,0,0
1052,0,0,1,0,0
1053,0,0,1,0,0
1054,0,1,0,0,0
1055,0,0,0,1,0
1056,0,0,1,0,0
1057,0,1,0,0,0
1058,1,0,0,0,0
1059,0,0,1,0,0
1060,0,0,0,1,0
1061,0,0,0,1,0
1062,0,0,0,0,1
1063,0,0,0,1,0
1064,1,0,0,0,0
1065,1,0,0,0,0
1066,0,0,0,1,0
1067,0,1,0,0,0
1068,1,0,0,0,0
1069,0,0,0,1,0
1070,0,1,0,0,0
1071,1,0,0,0,0
1072,0,1,0,0,0
1073,1,0,0,0,0
1074,0,0,0,1,0
1075,0,0,1,0,0
1076,0,0,0,1,0
1077,0,0,0,1,0
1078,1,0,0,0,0
1079,0,0,0,1,0
1080,0,1,0,0,0
1081,0,0,0,1,0
1082,0,1,0,0,0
1083,0,1,0,0,0
1084,0,0,1,0,0
1085,0,0,0,1,0
1086,0,1,0,0,0
1087,0,0,1,0,0
1088,0,0,0,1,0
1089,0,1,0,0,0
1090,0,0,0,1,0
1091,0,0,0,0,1
1092,0,0,1,0,0
1093,0,0,0,1,0
1094,0,0,0,1,0
1095,0,1,0,0,0
1096,0,1,0,0,0
1097,0,1,0,0,0
1098,0,1,0,0,0
1099,0,0,0,0,1
1100,1,0,0,0,0
1101,0,0,0,1,0
1102,1,0,0,0,0
1103,0,0,0,1,0
1104,1,0,0,0,0
1105,1,0,0,0,0
1106,0,0,0,1,0
1107,0,0,0,1,0
1108,0,0,0,1,0
1109,0,0,0,1,0
1110,0,0,0,1,0
1111,0,0,0,1,0
1112,1,0,0,0,0
1113,0,1,0,0,0
1114,0,0,0,1,0
1115,0,0,0,0,1
1116,0,0,0,1,0
1117,0,0,0,1,0
1118,0,0,0,0,1
1119,0,0,0,1,0
1120,0,1,0,0,0
1121,0,1,0,0,0
1122,0,0,0,0,1
1123,1,0,0,0,0
1124,0,0,1,0,0
1125,0,0,0,0,1
1126,1,0,0,0,0
1127,1,0,0,0,0
1128,0,0,0,1,0
1129,0,0,1,0,0
1130,0,0,0,0,1
1131,0,0,0,1,0
1132,0,0,1,0,0
1133,0,1,0,0,0
1134,0,1,0,0,0
1135,1,0,0,0,0
1136,1,0,0,0,0
1137,0,0,1,0,0
1138,0,0,0,1,0
1139,0,1,0,0,0
1140,0,0,1,0,0
1141,1,0,0,0,0
1142,0,0,1,0,0
1143,0,0,0,0,1
1144,0,0,0,1,0
1145,0,1,0,0,0
1146,1,0,0,0,0
1147,0,0,0,0,1
1148,0,0,1,0,0
1149,0,0,1,0,0
1150,0,0,0,1,0
1151,1,0,0,0,0
1152,0,0,1,0,0
1153,0,0,0,0,1
1154,1,0,0,0,0
1155,0,0,1,0,0
1156,1,0,0,0,0
1157,0,1,0,0,0
1158,0,0,1,0,0
1159,1,0,0,0,0
1160,1,0,0,0,0
1161,0,0,0,0,1
1162,0,0,0,1,0
1163,1,0,0,0,0
1164,0,1,0,0,0
1165,0,0,0,0,1
1166,0,0,0,1,0
1167,0,1,0,0,0
1168,0,0,0,1,0
1169,0,1,0,0,0
1170,0,0,0,0,1
1171,1,0,0,0,0
1172,0,0,0,1,0
1173,1,0,0,0,0
1174,0,0,1,0,0
1175,0,0,0,1,0
1176,1,0,0,0,0
1177,1,0,0,0,0
1178,1,0,0,0,0
1179,0,1,0,0,0
1180,0,0,0,0,1
1181,0,0,0,1,0
1182,0,1,0,0,0
1183,0,0,0,1,0
1184,0,0,1,0,0
1185,0,0,0,1,0
1186,1,0,0,0,0
1187,0,1,0,0,0
1188,0,0,0,1,0
1189,1,0,0,0,0
1190,0,1,0,0,0
1191,1,0,0,0,0
1192,0,1,0,0,0
1193,0,0,1,0,0
1194,0,1,0,0,0
1195,0,0,0,1,0
1196,0,0,0,1,0
1197,0,0,1,0,0
1198,1,0,0,0,0
1199,0,0,0,1,0
1200,0,1,0,0,0
1201,0,0,0,0,1
1202,0,0,0,0,1
1203,0,0,0,1,0
1204,1,0,0,0,0
1205,0,0,0,1,0
1206,0,0,0,1,0
1207,1,0,0,0,0
1208,0,0,0,1,0
1209,0,0,1,0,0
1210,0,1,0,0,0
1211,0,0,1,0,0
1212,0,0,1,0,0
1213,0,1,0,0,0
1214,0,0,0,0,1
1215,0,0,0,1,0
1216,0,1,0,0,0
1217,0,0,1,0,0
1218,1,0,0,0,0
1219,0,0,0,0,1
1220,0,0,0,0,1
1221,0,0,1,0,0
1222,1,0,0,0,0
1223,0,0,0,0,1
1224,0,0,0,1,0
1225,0,0,0,0,1
1226,1,0,0,0,0
1227,0,0,0,1,0
1228,0,0,1,0,0
1229,0,0,0,1,0
1230,0,0,0,1,0
1231,0,0,0,0,1
1232,0,0,0,1,0
1233,0,0,1,0,0
1234,1,0,0,0,0
1235,0,0,1,0,0
1236,1,0,0,0,0
1237,0,1,0,0,0
1238,0,0,1,0,0
1239,0,0,0,1,0
1240,0,1,0,0,0
1241,0,1,0,0,0
1242,0,1,0,0,0
1243,1,0,0,0,0
1244,1,0,0,0,0
1245,0,1,0,0,0
1246,0,0,1,0,0
1247,0,0,0,1,0
1248,0,0,0,0,1
1249,0,1,0,0,0
1250,0,1,0,0,0
1251,1,0,0,0,0
1252,0,1,0,0,0
1253,0,0,1,0,0
1254,0,0,0,0,1
1255,0,0,0,1,0
1256,0,1,0,0,0
1257,0,1,0,0,0
1258,0,1,0,0,0
1259,0,0,0,0,1
1260,0,0,1,0,0
1261,0,1,0,0,0
1262,1,0,0,0,0
1263,0,1,0,0,0
1264,0,1,0,0,0
1265,0,1,0,0,0
1266,0,0,0,1,0
1267,0,0,0,1,0
1268,1,0,0,0,0
1269,0,0,0,0,1
1270,0,1,0,0,0
1271,0,0,0,1,0
1272,1,0,0,0,0
1273,1,0,0,0,0
1274,1,0,0,0,0
1275,0,0,1,0,0
1276,0,1,0,0,0
1277,0,0,0,1,0
1278,1,0,0,0,0
1279,0,0,0,1,0
1280,1,0,0,0,0
1281,1,0,0,0,0
1282,0,1,0,0,0
1283,0,1,0,0,0
1284,0,0,0,0,1
1285,1,0,0,0,0
1286,0,1,0,0,0
1287,0,0,1,0,0
1288,0,0,1,0,0
1289,1,0,0,0,0
1290,0,0,1,0,0
1291,0,0,0,0,1
1292,0,1,0,0,0
1293,1,0,0,0,0
1294,0,0,0,1,0
1295,1,0,0,0,0
1296,1,0,0,0,0
1297,0,1,0,0,0
1298,0,0,0,0,1
1299,0,1,0,0,0
1300,0,0,0,1,0
1301,0,0,0,0,1
1302,1,0,0,0,0
1303,0,1,0,0,0
1304,0,1,0,0,0
1305,0,1,0,0,0
1306,0,0,0,0,1
1307,0,1,0,0,0
1308,0,0,0,1,0
1309,0,0,1,0,0
1310,0,0,0,0,1
1311,0,0,1,0,0
1312,0,0,0,1,0
1313,0,0,0,1,0
1314,0,0,0,1,0
1315,0,0,0,0,1
1316,0,1,0,0,0
1317,0,0,1,0,0
1318,0,0,0,0,1
1319,0,0,1,0,0
1320,1,0,0,0,0
1321,1,0,0,0,0
1322,0,0,0,0,1
1323,1,0,0,0,0
1324,1,0,0,0,0
1325,0,0,0,0,1
1326,0,0,1,0,0
1327,1,0,0,0,0
1328,0,0,0,1,0
1329,0,1,0,0,0
1330,0,0,1,0,0
1331,0,1,0,0,0
1332,0,1,0,0,0
1333,0,0,0,1,0
1334,0,0,1,0,0
1335,0,0,0,1,0
1336,0,0,0,1,0
1337,1,0,0,0,0
1338,0,0,0,1,0
1339,0,0,0,1,0
1340,0,0,1,0,0
1341,1,0,0,0,0
1342,0,0,0,1,0
1343,0,1,0,0,0
1344,0,0,1,0,0
1345,1,0,0,0,0
1346,0,0,0,0,1
1347,0,0,1,0,0
1348,0,0,0,0,1
1349,0,0,0,1,0
1350,0,0,1,0,0
1351,0,0,0,1,0
1352,0,0,0,0,1
1353,0,1,0,0,0
1354,1,0,0,0,0
1355,0,0,0,0,1
1356,0,1,0,0,0
1357,0,0,0,1,0
1358,0,0,0,1,0
1359,0,1,0,0,0
1360,0,0,0,1,0
1361,1,0,0,0,0
1362,0,1,0,0,0
1363,0,0,0,0,1
1364,1,0,0,0,0
1365,0,0,0,1,0
1366,1,0,0,0,0
1367,0,0,1,0,0
1368,0,1,0,0,0
1369,1,0,0,0,0
1370,0,0,0,1,0
1371,1,0,0,0,0
1372,0,0,1,0,0
1373,0,0,0,0,1
1374,0,0,0,0,1
1375,0,0,1,0,0
1376,0,1,0,0,0
1377,0,0,1,0,0
1378,0,0,0,1,0
1379,1,0,0,0,0
1380,0,0,1,0,0
1381,1,0,0,0,0
1382,0,1,0,0,0
1383,0,0,1,0,0
1384,0,0,0,0,1
1385,0,0,0,0,1
1386,0,1,0,0,0
1387,0,0,0,1,0
1388,1,0,0,0,0
1389,0,0,0,1,0
1390,0,0,1,0,0
1391,0,1,0,0,0
1392,0,0,0,1,0
1393,1,0,0,0,0
1394,0,1,0,0,0
1395,0,0,0,0,1
1396,0,0,1,0,0
1397,0,0,0,1,0
1398,1,0,0,0,0
1399,0,0,0,1,0
1400,1,0,0,0,0
1401,0,0,1,0,0
1402,0,0,1,0,0
1403,1,0,0,0,0
1404,0,0,0,1,0
1405,0,1,0,0,0
1406,0,0,0,1,0
1407,1,0,0,0,0
1408,0,0,1,0,0
1409,1,0,0,0,0
1410,1,0,0,0,0
1411,0,0,0,0,1
1412,0,0,0,1,0
1413,0,0,1,0,0
1414,0,1,0,0,0
1415,0,1,0,0,0
1416,1,0,0,0,0
1417,0,0,0,1,0
1418,0,0,0,1,0
1419,1,0,0,0,0
1420,0,0,0,1,0
1421,0,0,0,1,0
1422,0,0,0,1,0
1423,0,0,0,0,1
1424,0,1,0,0,0
1425,1,0,0,0,0
1426,0,0,1,0,0
1427,0,0,0,0,1
1428,0,0,1,0,0
1429,0,1,0,0,0
1430,1,0,0,0,0
1431,1,0,0,0,0
1432,0,0,1,0,0
1433,0,0,0,0,1
1434,0,0,1,0,0
1435,0,0,0,0,1
1436,0,0,0,1,0
1437,1,0,0,0,0
1438,0,0,0,0,1
1439,1,0,0,0,0
1440,0,0,0,0,1
1441,1,0,0,0,0
1442,0,1,0,0,0
1443,0,0,1,0,0
1444,0,0,0,1,0
1445,0,1,0,0,0
1446,0,0,1,0,0
1447,0,0,0,0,1
1448,0,0,1,0,0
1449,1,0,0,0,0
1450,1,0,0,0,0
1451,0,0,0,0,1
1452,0,0,1,0,0
1453,0,0,1,0,0
1454,1,0,0,0,0
1455,1,0,0,0,0
1456,0,0,0,1,0
1457,1,0,0,0,0
1458,0,0,1,0,0
1459,0,0,0,1,0
1460,0,1,0,0,0
1461,0,0,0,1,0
1462,0,0,0,0,1
1463,1,0,0,0,0
1464,0,1,0,0,0
1465,1,0,0,0,0
1466,0,0,1,0,0
1467,1,0,0,0,0
1468,0,0,0,1,0
1469,1,0,0,0,0
1470,0,0,0,1,0
1471,0,1,0,0,0
1472,0,0,0,1,0
1473,0,0,0,1,0
1474,1,0,0,0,0
1475,0,1,0,0,0
1476,0,1,0,0,0
1477,0,0,0,1,0
1478,0,0,1,0,0
1479,0,0,0,0,1
1480,0,0,0,0,1
1481,0,0,0,0,1
1482,1,0,0,0,0
1483,0,0,0,1,0
1484,1,0,0,0,0
1485,0,0,0,0,1
1486,0,0,1,0,0
1487,1,0,0,0,0
1488,1,0,0,0,0
1489,0,1,0,0,0
1490,0,0,0,0,1
1491,0,0,0,1,0
1492,0,0,1,0,0
1493,0,0,1,0,0
1494,0,0,0,1,0
1495,1,0,0,0,0
1496,0,0,0,1,0
1497,0,0,0,0,1
1498,1,0,0,0,0
1499,0,0,0,0,1
1500,0,0,0,1,0
1501,0,1,0,0,0
1502,0,0,0,0,1
1503,0,0,0,1,0
1504,0,0,0,0,1
1505,0,1,0,0,0
1506,0,0,0,0,1
1507,0,0,1,0,0
1508,0,0,1,0,0
1509,0,1,0,0,0
1510,0,0,0,1,0
1511,0,0,1,0,0
1512,0,1,0,0,0
1513,1,0,0,0,0
1514,0,0,0,0,1
1515,1,0,0,0,0
1516,0,0,0,1,0
1517,0,0,0,0,1
1518,0,0,1,0,0
1519,1,0,0,0,0
1520,0,1,0,0,0
1521,0,1,0,0,0
1522,0,0,0,1,0
1523,1,0,0,0,0
1524,0,0,0,0,1
1525,0,0,0,1,0
1526,0,0,0,1,0
1527,1,0,0,0,0
1528,0,0,1,0,0
1529,0,0,0,1,0
1530,0,0,1,0,0
1531,0,1,0,0,0
1532,0,0,1,0,0
1533,0,0,1,0,0
1534,0,0,0,0,1
1535,0,0,0,1,0
1536,0,1,0,0,0
1537,0,0,0,0,1
1538,0,0,1,0,0
1539,1,0,0,0,0
1540,0,0,0,1,0
1541,0,0,0,1,0
1542,0,0,0,1,0
1543,1,0,0,0,0
1544,1,0,0,0,0
1545,0,0,0,1,0
1546,0,0,1,0,0
1547,0,0,0,0,1
1548,0,1,0,0,0
1549,0,1,0,0,0
1550,0,0,0,1,0
1551,0,0,0,0,1
1552,0,0,0,0,1
1553,0,0,0,0,1
1554,0,0,0,1,0
1555,0,0,0,0,1
1556,0,0,0,1,0
1557,1,0,0,0,0
1558,1,0,0,0,0
1559,0,0,1,0,0
1560,0,0,1,0,0
1561,1,0,0,0,0
1562,0,0,0,0,1
1563,1,0,0,0,0
1564,0,0,1,0,0
1565,1,0,0,0,0
1566,1,0,0,0,0
1567,0,0,0,1,0
1568,0,0,0,1,0
1569,0,0,0,0,1
1570,0,0,0,0,1
1571,0,0,0,1,0
1572,0,0,1,0,0
1573,0,0,0,1,0
1574,1,0,0,0,0
1575,0,0,1,0,0
1576,0,1,0,0,0
1577,1,0,0,0,0
1578,1,0,0,0,0
1579,1,0,0,0,0
1580,0,0,0,1,0
1581,0,1,0,0,0
1582,0,0,0,1,0
1583,1,0,0,0,0
1584,0,0,1,0,0
1585,0,0,0,1,0
1586,0,0,0,1,0
1587,0,0,0,1,0
1588,1,0,0,0,0
1589,1,0,0,0,0
1590,1,0,0,0,0
1591,1,0,0,0,0
1592,0,0,1,0,0
1593,1,0,0,0,0
1594,0,0,1,0,0
1595,1,0,0,0,0
1596,0,1,0,0,0
1597,0,0,0,0,1
1598,0,0,0,0,1
1599,0,1,0,0,0
1600,0,0,0,0,1
1601,0,0,1,0,0
1602,0,1,0,0,0
1603,0,0,1,0,0
1604,0,0,0,0,1
1605,1,0,0,0,0
1606,0,0,1,0,0
1607,0,0,0,1,0
1608,0,0,0,1,0
1609,0,0,1,0,0
1610,0,1,0,0,0
1611,0,0,1,0,0
1612,0,1,0,0,0
1613,1,0,0,0,0
1614,0,1,0,0,0
1615,0,0,0,0,1
1616,0,0,0,1,0
1617,0,1,0,0,0
1618,0,0,1,0,0
1619,0,0,0,1,0
1620,0,0,0,1,0
1621,0,1,0,0,0
1622,0,0,1,0,0
1623,0,1,0,0,0
1624,0,0,0,0,1
1625,0,1,0,0,0
1626,0,0,0,1,0
1627,0,0,1,0,0
1628,0,1,0,0,0
1629,1,0,0,0,0
1630,1,0,0,0,0
1631,0,0,0,0,1
1632,0,1,0,0,0
1633,0,1,0,0,0
1634,0,0,0,1,0
1635,0,0,0,1,0
1636,0,0,1,0,0
1637,0,1,0,0,0
1638,0,0,1,0,0
1639,1,0,0,0,0
1640,1,0,0,0,0
1641,1,0,0,0,0
1642,0,0,0,0,1
1643,0,0,0,0,1
1644,0,1,0,0,0
1645,0,0,1,0,0
1646,1,0,0,0,0
1647,0,0,0,1,0
1648,0,0,0,1,0
1649,0,1,0,0,0
1650,0,0,0,0,1
1651,0,0,0,1,0
1652,1,0,0,0,0
1653,1,0,0,0,0
1654,0,0,0,1,0
1655,0,0,1,0,0
1656,1,0,0,0,0
1657,0,0,0,1,0
1658,0,1,0,0,0
1659,0,0,0,0,1
1660,1,0,0,0,0
1661,0,0,0,0,1
1662,0,0,0,0,1
1663,0,0,0,1,0
1664,0,0,1,0,0
1665,0,0,0,0,1
1666,0,0,1,0,0
1667,0,1,0,0,0
1668,0,0,0,0,1
1669,1,0,0,0,0
1670,0,0,0,0,1
1671,0,0,0,1,0
1672,0,0,1,0,0
1673,0,0,0,0,1
1674,0,0,0,1,0
1675,0,1,0,0,0
1676,0,0,1,0,0
1677,0,0,0,1,0
1678,0,0,1,0,0
1679,0,0,0,1,0
1680,0,0,0,0,1
1681,0,1,0,0,0
1682,0,0,0,0,1
1683,1,0,0,0,0
1684,1,0,0,0,0
1685,0,0,1,0,0
1686,1,0,0,0,0
1687,0,0,1,0,0
1688,0,0,0,1,0
1689,1,0,0,0,0
1690,0,0,1,0,0
1691,0,0,0,0,1
1692,0,1,0,0,0
1693,0,0,0,1,0
1694,0,0,0,1,0
1695,1,0,0,0,0
1696,0,1,0,0,0
1697,1,0,0,0,0
1698,0,0,0,0,1
1699,0,0,1,0,0
1700,0,1,0,0,0
1701,0,0,0,1,0
1702,0,0,0,1,0
1703,0,0,1,0,0
1704,0,0,0,1,0
1705,0,0,1,0,0
1706,0,0,0,1,0
1707,0,0,0,1,0
1708,1,0,0,0,0
1709,0,1,0,0,0
1710,0,1,0,0,0
1711,0,1,0,0,0
1712,1,0,0,0,0
1713,0,0,0,1,0
1714,0,0,1,0,0
1715,0,0,1,0,0
1716,0,0,0,1,0
1717,0,0,0,1,0
1718,0,0,0,1,0
1719,0,1,0,0,0
1720,0,0,0,1,0
1721,0,0,0,0,1
1722,0,0,0,1,0
1723,0,0,0,0,1
1724,0,1,0,0,0
1725,1,0,0,0,0
1726,0,0,0,1,0
1727,1,0,0,0,0
1728,0,0,1,0,0
1729,1,0,0,0,0
1730,0,0,0,0,1
1731,0,0,0,0,1
1732,1,0,0,0,0
1733,0,0,0,1,0
1734,1,0,0,0,0
1735,0,1,0,0,0
1736,1,0,0,0,0
1737,0,0,0,0,1
1738,0,0,0,0,1
1739,0,0,1,0,0
1740,0,0,0,1,0
1741,1,0,0,0,0
1742,0,0,0,0,1
1743,0,0,0,1,0
1744,0,1,0,0,0
1745,0,1,0,0,0
1746,0,1,0,0,0
1747,0,0,1,0,0
1748,0,1,0,0,0
1749,1,0,0,0,0
1750,0,1,0,0,0
1751,0,0,0,0,1
1752,0,0,1,0,0
1753,0,0,1,0,0
1754,0,0,0,1,0
1755,0,0,0,0,1
1756,0,0,0,1,0
1757,0,0,0,1,0
1758,0,0,0,1,0
1759,0,1,0,0,0
1760,0,1,0,0,0
1761,1,0,0,0,0
1762,0,0,0,0,1
1763,0,0,1,0,0
1764,0,0,1,0,0
1765,0,1,0,0,0
1766,0,0,0,1,0
1767,1,0,0,0,0
1768,0,0,1,0,0
1769,0,0,0,1,0
1770,0,0,0,1,0
1771,1,0,0,0,0
1772,0,0,0,0,1
1773,0,0,0,1,0
1774,0,1,0,0,0
1775,1,0,0,0,0
1776,0,0,0,1,0
1777,0,0,0,1,0
1778,0,0,1,0,0
1779,1,0,0,0,0
